anio,trimestre,provincia_id,tv_sus_100hab,tv_sus_100hog
2014,1,PR01,14.34,47.07
2014,1,PR02,22.68,59.71
2014,1,PR03,4.64,18.25
2014,1,PR04,7.79,29.18
2014,1,PR05,12.34,40.33
2014,1,PR06,14.48,47.34
2014,1,PR07,5.76,21.89
2014,1,PR08,8.34,27.92
2014,1,PR09,5.23,20.56
2014,1,PR10,8.98,35.13
2014,1,PR11,19.94,60.56
2014,1,PR12,6.92,26.04
2014,1,PR13,5.74,20.58
2014,1,PR14,8.45,31.04
2014,1,PR15,17.34,58.31
2014,1,PR16,5.83,18.96
2014,2,PR01,15.04,49.35
2014,2,PR02,22.7,59.78
2014,2,PR03,6.97,27.4
2014,2,PR04,7.58,28.39
2014,2,PR05,12.33,40.27
2014,2,PR06,27.61,90.25
2014,2,PR07,8.34,31.71
2014,2,PR08,11.32,37.9
2014,2,PR09,8.11,31.9
2014,2,PR10,10.01,39.19
2014,2,PR11,22.58,68.57
2014,2,PR12,6.91,26.0
2014,2,PR13,6.24,22.38
2014,2,PR14,9.74,35.78
2014,2,PR15,25.35,85.26
2014,2,PR16,8.43,27.45
2014,2,PR17,12.63,52.19
2014,2,PR18,5.77,22.67
2014,2,PR19,11.85,41.46
2014,2,PR20,14.95,50.33
2014,2,PR21,19.29,61.4
2014,2,PR22,10.55,42.54
2014,2,PR23,23.44,79.22
2014,2,PR24,7.64,30.88
2014,3,PR01,15.05,49.38
2014,3,PR02,22.61,59.53
2014,3,PR03,7.01,27.57
2014,3,PR04,7.57,28.35
2014,3,PR05,12.31,40.21
2014,3,PR06,27.65,90.4
2014,3,PR07,8.47,32.2
2014,3,PR08,11.51,38.53
2014,3,PR09,8.09,31.81
2014,3,PR10,10.29,40.27
2014,3,PR11,22.93,69.63
2014,3,PR12,6.78,25.51
2014,3,PR13,6.27,22.5
2014,3,PR14,9.86,36.24
2014,3,PR15,25.36,85.28
2014,3,PR16,8.44,27.48
2014,3,PR17,12.68,52.4
2014,3,PR18,5.85,23.0
2014,3,PR19,11.67,40.81
2014,3,PR20,14.04,47.28
2014,3,PR21,19.41,61.77
2014,3,PR22,10.65,42.95
2014,3,PR23,23.64,79.91
2014,3,PR24,7.61,30.77
2014,4,PR01,15.13,49.65
2014,4,PR02,22.64,59.62
2014,4,PR03,7.19,28.27
2014,4,PR04,8.05,30.14
2014,4,PR05,12.29,40.15
2014,4,PR06,27.67,90.44
2014,4,PR07,8.61,32.71
2014,4,PR08,11.61,38.85
2014,4,PR09,8.12,31.92
2014,4,PR10,11.03,43.19
2014,4,PR11,23.46,71.25
2014,4,PR12,7.26,27.31
2014,4,PR13,6.23,22.35
2014,4,PR14,9.59,35.23
2014,4,PR15,25.35,85.26
2014,4,PR16,8.43,27.43
2014,4,PR17,12.69,52.45
2014,4,PR18,5.88,23.12
2014,4,PR19,11.77,41.16
2014,4,PR20,14.13,47.59
2014,4,PR21,19.35,61.59
2014,4,PR22,10.71,43.19
2014,4,PR23,23.45,79.26
2014,4,PR24,7.63,30.85
2015,1,PR01,15.02,49.29
2015,1,PR02,22.6,59.5
2015,1,PR03,7.08,27.85
2015,1,PR04,8.01,30.01
2015,1,PR05,12.09,39.51
2015,1,PR06,27.32,89.31
2015,1,PR07,8.45,32.1
2015,1,PR08,11.5,38.5
2015,1,PR09,8.0,31.44
2015,1,PR10,11.0,43.05
2015,1,PR11,23.7,71.97
2015,1,PR12,6.95,26.13
2015,1,PR13,6.14,22.02
2015,1,PR14,9.61,35.31
2015,1,PR15,17.94,60.33
2015,1,PR16,8.23,26.78
2015,1,PR17,12.62,52.15
2015,1,PR18,5.95,23.36
2015,1,PR19,11.67,40.83
2015,1,PR20,17.01,57.29
2015,1,PR21,17.79,56.6
2015,1,PR22,10.59,42.69
2015,1,PR23,23.24,78.55
2015,1,PR24,7.49,30.27
2015,2,PR01,15.14,49.69
2015,2,PR02,22.7,59.77
2015,2,PR03,7.19,28.27
2015,2,PR04,8.0,29.95
2015,2,PR05,12.13,39.62
2015,2,PR06,27.44,89.71
2015,2,PR07,8.56,32.54
2015,2,PR08,11.65,38.98
2015,2,PR09,8.0,31.46
2015,2,PR10,11.48,44.92
2015,2,PR11,24.16,73.38
2015,2,PR12,6.91,25.98
2015,2,PR13,6.19,22.2
2015,2,PR14,9.78,35.93
2015,2,PR15,17.95,60.36
2015,2,PR16,8.33,27.1
2015,2,PR17,12.69,52.44
2015,2,PR18,5.9,23.16
2015,2,PR19,11.66,40.8
2015,2,PR20,16.9,56.91
2015,2,PR21,18.0,57.28
2015,2,PR22,10.64,42.89
2015,2,PR23,23.67,80.01
2015,2,PR24,7.63,30.82
2015,3,PR01,15.04,49.36
2015,3,PR02,23.44,61.71
2015,3,PR03,7.33,28.83
2015,3,PR04,8.11,30.37
2015,3,PR05,12.14,39.66
2015,3,PR06,27.64,90.37
2015,3,PR07,8.63,32.8
2015,3,PR08,11.63,38.91
2015,3,PR09,8.01,31.5
2015,3,PR10,11.79,46.13
2015,3,PR11,25.1,76.23
2015,3,PR12,7.01,26.36
2015,3,PR13,6.23,22.35
2015,3,PR14,9.96,36.62
2015,3,PR15,17.96,60.4
2015,3,PR16,8.17,26.6
2015,3,PR17,12.77,52.79
2015,3,PR18,5.9,23.17
2015,3,PR19,11.49,40.19
2015,3,PR20,17.15,57.76
2015,3,PR21,18.06,57.46
2015,3,PR22,10.73,43.28
2015,3,PR23,24.33,82.22
2015,3,PR24,7.7,31.12
2015,4,PR01,15.04,49.34
2015,4,PR02,23.47,61.8
2015,4,PR03,7.4,29.1
2015,4,PR04,7.94,29.75
2015,4,PR05,12.14,39.67
2015,4,PR06,27.87,91.11
2015,4,PR07,8.82,33.52
2015,4,PR08,11.69,39.12
2015,4,PR09,8.01,31.48
2015,4,PR10,11.9,46.57
2015,4,PR11,25.41,77.17
2015,4,PR12,6.84,25.72
2015,4,PR13,6.2,22.23
2015,4,PR14,10.02,36.83
2015,4,PR15,17.93,60.29
2015,4,PR16,8.09,26.33
2015,4,PR17,12.97,53.61
2015,4,PR18,5.99,23.52
2015,4,PR19,11.45,40.04
2015,4,PR20,17.16,57.8
2015,4,PR21,18.06,57.46
2015,4,PR22,10.77,43.42
2015,4,PR23,24.74,83.62
2015,4,PR24,7.86,31.76
2016,1,PR01,14.86,48.77
2016,1,PR02,23.54,61.98
2016,1,PR03,7.29,28.68
2016,1,PR04,7.91,29.61
2016,1,PR05,11.82,38.61
2016,1,PR06,27.7,90.54
2016,1,PR07,8.55,32.5
2016,1,PR08,11.56,38.69
2016,1,PR09,7.93,31.18
2016,1,PR10,11.52,45.09
2016,1,PR11,25.88,78.61
2016,1,PR12,6.5,24.43
2016,1,PR13,6.09,21.85
2016,1,PR14,10.05,36.94
2016,1,PR15,17.66,59.38
2016,1,PR16,7.75,25.21
2016,1,PR17,12.61,52.13
2016,1,PR18,5.65,22.19
2016,1,PR19,11.39,39.83
2016,1,PR20,16.52,55.62
2016,1,PR21,17.83,56.74
2016,1,PR22,10.54,42.51
2016,1,PR23,24.84,83.95
2016,1,PR24,8.01,32.35
2016,2,PR01,14.94,49.04
2016,2,PR02,23.47,61.8
2016,2,PR03,7.4,29.1
2016,2,PR04,8.16,30.56
2016,2,PR05,12.61,41.2
2016,2,PR06,27.88,91.15
2016,2,PR07,8.58,32.61
2016,2,PR08,11.62,38.9
2016,2,PR09,7.93,31.19
2016,2,PR10,11.58,45.33
2016,2,PR11,25.9,78.65
2016,2,PR12,6.54,24.59
2016,2,PR13,6.09,21.85
2016,2,PR14,10.15,37.31
2016,2,PR15,17.65,59.37
2016,2,PR16,7.72,25.14
2016,2,PR17,12.9,53.3
2016,2,PR18,5.67,22.3
2016,2,PR19,11.18,39.1
2016,2,PR20,15.7,52.86
2016,2,PR21,17.96,57.15
2016,2,PR22,10.56,42.59
2016,2,PR23,24.33,82.24
2016,2,PR24,7.73,31.23
2016,3,PR01,14.97,49.12
2016,3,PR02,23.43,61.7
2016,3,PR03,7.43,29.22
2016,3,PR04,7.8,29.22
2016,3,PR05,12.59,41.12
2016,3,PR06,28.04,91.66
2016,3,PR07,8.59,32.63
2016,3,PR08,11.65,39.0
2016,3,PR09,7.93,31.19
2016,3,PR10,11.48,44.93
2016,3,PR11,26.25,79.73
2016,3,PR12,6.6,24.81
2016,3,PR13,6.1,21.88
2016,3,PR14,10.17,37.38
2016,3,PR15,17.64,59.31
2016,3,PR16,7.69,25.03
2016,3,PR17,12.76,52.73
2016,3,PR18,5.67,22.27
2016,3,PR19,11.2,39.18
2016,3,PR20,15.54,52.32
2016,3,PR21,17.94,57.1
2016,3,PR22,10.56,42.59
2016,3,PR23,24.66,83.34
2016,3,PR24,7.77,31.4
2016,4,PR01,15.06,49.41
2016,4,PR02,23.29,61.33
2016,4,PR03,7.52,29.58
2016,4,PR04,7.65,28.63
2016,4,PR05,12.59,41.14
2016,4,PR06,27.98,91.48
2016,4,PR07,8.65,32.88
2016,4,PR08,11.68,39.11
2016,4,PR09,7.92,31.13
2016,4,PR10,11.1,43.44
2016,4,PR11,29.05,88.24
2016,4,PR12,6.9,25.94
2016,4,PR13,6.13,22.0
2016,4,PR14,10.23,37.6
2016,4,PR15,17.62,59.26
2016,4,PR16,7.62,24.8
2016,4,PR17,12.79,52.87
2016,4,PR18,5.33,20.95
2016,4,PR19,11.25,39.37
2016,4,PR20,15.45,52.04
2016,4,PR21,18.01,57.33
2016,4,PR22,10.45,42.14
2016,4,PR23,24.73,83.59
2016,4,PR24,7.7,31.11
2017,1,PR01,15.23,47.43
2017,1,PR02,23.29,55.24
2017,1,PR03,7.36,28.91
2017,1,PR04,7.57,28.32
2017,1,PR05,12.46,40.65
2017,1,PR06,28.16,91.97
2017,1,PR07,8.58,32.59
2017,1,PR08,11.95,39.98
2017,1,PR09,8.28,32.53
2017,1,PR10,11.33,44.31
2017,1,PR11,29.34,89.04
2017,1,PR12,6.49,24.37
2017,1,PR13,6.07,21.76
2017,1,PR14,10.16,37.3
2017,1,PR15,17.45,58.61
2017,1,PR16,7.34,23.85
2017,1,PR17,12.52,51.67
2017,1,PR18,5.76,22.6
2017,1,PR19,11.72,40.96
2017,1,PR20,15.0,50.4
2017,1,PR21,17.5,55.65
2017,1,PR22,10.33,41.61
2017,1,PR23,24.31,81.97
2017,1,PR24,7.69,31.05
2017,2,PR01,15.17,47.17
2017,2,PR02,23.14,54.96
2017,2,PR03,10.01,39.35
2017,2,PR04,7.84,29.32
2017,2,PR05,12.38,40.37
2017,2,PR06,28.0,91.43
2017,2,PR07,8.53,32.41
2017,2,PR08,12.07,40.36
2017,2,PR09,8.12,31.92
2017,2,PR10,11.36,44.42
2017,2,PR11,28.45,86.33
2017,2,PR12,6.39,23.99
2017,2,PR13,5.88,21.06
2017,2,PR14,10.1,37.09
2017,2,PR15,17.37,58.35
2017,2,PR16,8.11,26.38
2017,2,PR17,18.73,77.34
2017,2,PR18,5.38,21.11
2017,2,PR19,11.23,39.25
2017,2,PR20,14.84,49.88
2017,2,PR21,17.93,57.03
2017,2,PR22,10.26,41.35
2017,2,PR23,24.25,81.79
2017,2,PR24,10.98,44.32
2017,3,PR01,15.11,46.79
2017,3,PR02,23.1,54.92
2017,3,PR03,10.08,39.57
2017,3,PR04,7.73,28.87
2017,3,PR05,11.93,38.81
2017,3,PR06,28.1,91.61
2017,3,PR07,8.59,32.58
2017,3,PR08,12.27,40.98
2017,3,PR09,8.37,32.84
2017,3,PR10,11.36,44.34
2017,3,PR11,28.54,86.5
2017,3,PR12,6.34,23.76
2017,3,PR13,5.9,21.09
2017,3,PR14,10.27,37.61
2017,3,PR15,17.24,57.79
2017,3,PR16,8.06,26.13
2017,3,PR17,18.6,76.63
2017,3,PR18,5.23,20.49
2017,3,PR19,12.8,44.62
2017,3,PR20,14.16,47.36
2017,3,PR21,17.83,56.64
2017,3,PR22,10.33,41.54
2017,3,PR23,24.84,83.42
2017,3,PR24,10.99,44.27
2017,4,PR01,15.54,48.1
2017,4,PR02,24.15,57.5
2017,4,PR03,7.24,28.46
2017,4,PR04,8.64,32.34
2017,4,PR05,12.0,39.13
2017,4,PR06,28.42,92.84
2017,4,PR07,9.66,36.7
2017,4,PR08,15.49,51.81
2017,4,PR09,8.29,32.57
2017,4,PR10,11.62,45.43
2017,4,PR11,23.98,72.78
2017,4,PR12,6.24,23.42
2017,4,PR13,5.88,21.08
2017,4,PR14,10.9,40.01
2017,4,PR15,12.03,40.41
2017,4,PR16,12.57,40.87
2017,4,PR17,12.81,52.87
2017,4,PR18,5.2,20.41
2017,4,PR19,12.74,44.52
2017,4,PR20,14.67,49.29
2017,4,PR21,18.15,57.72
2017,4,PR22,10.11,40.76
2017,4,PR23,24.67,83.2
2017,4,PR24,7.15,28.85
2018,1,PR01,15.49,47.83
2018,1,PR02,24.18,57.64
2018,1,PR03,21.87,85.99
2018,1,PR04,9.33,34.9
2018,1,PR05,12.24,39.93
2018,1,PR06,30.09,98.26
2018,1,PR07,9.64,36.62
2018,1,PR08,15.51,51.87
2018,1,PR09,8.85,34.77
2018,1,PR10,11.81,46.16
2018,1,PR11,23.86,72.41
2018,1,PR12,6.23,23.39
2018,1,PR13,4.55,16.3
2018,1,PR14,10.94,40.15
2018,1,PR15,11.97,40.2
2018,1,PR16,12.41,40.36
2018,1,PR17,12.69,52.4
2018,1,PR18,4.92,19.3
2018,1,PR19,12.56,43.87
2018,1,PR20,15.43,51.84
2018,1,PR21,17.96,57.1
2018,1,PR22,10.09,40.67
2018,1,PR23,24.64,83.12
2018,1,PR24,7.14,28.81
2018,2,PR01,15.5,47.76
2018,2,PR02,24.21,57.79
2018,2,PR03,19.25,75.66
2018,2,PR04,9.2,34.41
2018,2,PR05,12.51,40.8
2018,2,PR06,30.28,98.89
2018,2,PR07,9.12,34.64
2018,2,PR08,15.54,51.97
2018,2,PR09,8.75,34.39
2018,2,PR10,11.94,46.68
2018,2,PR11,23.44,71.15
2018,2,PR12,5.97,22.44
2018,2,PR13,4.58,16.4
2018,2,PR14,10.95,40.22
2018,2,PR15,12.19,40.96
2018,2,PR16,12.05,39.17
2018,2,PR17,12.19,50.31
2018,2,PR18,6.27,24.63
2018,2,PR19,11.56,40.4
2018,2,PR20,15.38,51.68
2018,2,PR21,17.69,56.25
2018,2,PR22,10.07,40.56
2018,2,PR23,24.97,84.2
2018,2,PR24,7.2,29.07
2018,3,PR01,15.66,48.16
2018,3,PR02,24.62,58.84
2018,3,PR03,20.35,80.0
2018,3,PR04,8.39,31.38
2018,3,PR05,14.97,48.85
2018,3,PR06,29.19,95.33
2018,3,PR07,9.18,34.85
2018,3,PR08,15.19,50.81
2018,3,PR09,10.05,39.48
2018,3,PR10,12.15,47.51
2018,3,PR11,23.59,71.61
2018,3,PR12,6.25,23.49
2018,3,PR13,6.02,21.56
2018,3,PR14,10.95,40.22
2018,3,PR15,12.4,41.66
2018,3,PR16,13.04,42.4
2018,3,PR17,12.65,52.22
2018,3,PR18,5.89,23.1
2018,3,PR19,11.13,38.9
2018,3,PR20,16.26,54.66
2018,3,PR21,18.09,57.53
2018,3,PR22,11.34,45.7
2018,3,PR23,27.95,94.26
2018,3,PR24,7.59,30.64
2018,4,PR01,15.47,47.45
2018,4,PR02,24.46,58.54
2018,4,PR03,8.19,32.19
2018,4,PR04,8.43,31.54
2018,4,PR05,15.03,49.04
2018,4,PR06,28.56,93.29
2018,4,PR07,9.25,35.13
2018,4,PR08,15.25,51.0
2018,4,PR09,9.86,38.73
2018,4,PR10,13.03,50.96
2018,4,PR11,23.02,69.86
2018,4,PR12,6.45,24.21
2018,4,PR13,6.0,21.48
2018,4,PR14,11.12,40.84
2018,4,PR15,12.3,41.33
2018,4,PR16,12.46,40.5
2018,4,PR17,12.67,52.3
2018,4,PR18,5.68,22.29
2018,4,PR19,11.07,38.7
2018,4,PR20,16.21,54.46
2018,4,PR21,17.15,54.55
2018,4,PR22,10.93,44.06
2018,4,PR23,27.7,93.44
2018,4,PR24,7.54,30.44
2019,1,PR01,15.52,47.51
2019,1,PR02,25.7,61.57
2019,1,PR03,8.07,31.71
2019,1,PR04,9.01,33.71
2019,1,PR05,14.98,48.87
2019,1,PR06,28.5,93.09
2019,1,PR07,9.15,34.75
2019,1,PR08,15.36,51.36
2019,1,PR09,9.48,37.24
2019,1,PR10,11.57,45.25
2019,1,PR11,22.95,69.67
2019,1,PR12,6.71,25.19
2019,1,PR13,7.16,25.65
2019,1,PR14,11.07,40.64
2019,1,PR15,12.26,41.2
2019,1,PR16,12.26,39.87
2019,1,PR17,12.48,51.51
2019,1,PR18,5.72,22.47
2019,1,PR19,10.71,37.44
2019,1,PR20,16.07,54.01
2019,1,PR21,17.14,54.52
2019,1,PR22,11.32,45.61
2019,1,PR23,27.33,92.18
2019,1,PR24,7.11,28.71
2019,2,PR01,15.48,47.28
2019,2,PR02,26.39,63.29
2019,2,PR03,8.04,31.61
2019,2,PR04,9.11,34.08
2019,2,PR05,14.42,47.05
2019,2,PR06,28.6,93.42
2019,2,PR07,9.76,37.08
2019,2,PR08,15.42,51.58
2019,2,PR09,10.19,40.03
2019,2,PR10,11.62,45.46
2019,2,PR11,23.4,71.03
2019,2,PR12,6.67,25.07
2019,2,PR13,7.1,25.43
2019,2,PR14,11.35,41.68
2019,2,PR15,12.09,40.62
2019,2,PR16,14.75,47.94
2019,2,PR17,13.2,54.51
2019,2,PR18,5.61,22.04
2019,2,PR19,10.68,37.32
2019,2,PR20,14.76,49.61
2019,2,PR21,17.2,54.69
2019,2,PR22,11.26,45.38
2019,2,PR23,27.13,91.52
2019,2,PR24,7.02,28.35
2019,3,PR01,15.74,47.95
2019,3,PR02,28.07,67.41
2019,3,PR03,9.9,38.92
2019,3,PR04,9.34,34.93
2019,3,PR05,11.52,37.57
2019,3,PR06,29.61,96.72
2019,3,PR07,9.8,37.21
2019,3,PR08,15.73,52.61
2019,3,PR09,9.83,38.61
2019,3,PR10,11.97,46.81
2019,3,PR11,23.21,70.43
2019,3,PR12,5.16,19.39
2019,3,PR13,5.27,18.87
2019,3,PR14,11.48,42.16
2019,3,PR15,11.78,39.58
2019,3,PR16,15.07,49.0
2019,3,PR17,13.37,55.2
2019,3,PR18,3.98,15.61
2019,3,PR19,9.85,34.42
2019,3,PR20,13.42,45.11
2019,3,PR21,18.66,59.34
2019,3,PR22,9.24,37.25
2019,3,PR23,25.23,85.1
2019,3,PR24,6.55,26.44
2019,4,PR01,16.19,49.23
2019,4,PR02,29.17,70.13
2019,4,PR03,9.93,39.03
2019,4,PR04,9.55,35.71
2019,4,PR05,11.4,37.2
2019,4,PR06,29.79,97.3
2019,4,PR07,9.84,37.38
2019,4,PR08,15.99,53.48
2019,4,PR09,9.82,38.59
2019,4,PR10,12.42,48.55
2019,4,PR11,22.72,68.97
2019,4,PR12,4.86,18.26
2019,4,PR13,5.17,18.54
2019,4,PR14,11.53,42.32
2019,4,PR15,11.65,39.15
2019,4,PR16,14.9,48.46
2019,4,PR17,13.38,55.23
2019,4,PR18,3.8,14.93
2019,4,PR19,9.6,33.53
2019,4,PR20,13.31,44.72
2019,4,PR21,18.69,59.45
2019,4,PR22,9.24,37.24
2019,4,PR23,24.32,82.03
2019,4,PR24,6.74,27.21
2020,1,PR01,16.9,51.27
2020,1,PR02,24.12,58.06
2020,1,PR03,9.5,37.33
2020,1,PR04,9.54,35.7
2020,1,PR05,10.95,35.73
2020,1,PR06,28.36,92.63
2020,1,PR07,9.85,37.41
2020,1,PR08,15.96,53.38
2020,1,PR09,9.82,38.56
2020,1,PR10,12.71,49.72
2020,1,PR11,22.35,67.85
2020,1,PR12,4.81,18.08
2020,1,PR13,5.2,18.63
2020,1,PR14,11.41,41.88
2020,1,PR15,11.85,39.8
2020,1,PR16,14.75,47.97
2020,1,PR17,13.19,54.45
2020,1,PR18,3.89,15.28
2020,1,PR19,9.41,32.9
2020,1,PR20,11.94,40.14
2020,1,PR21,19.02,60.49
2020,1,PR22,9.12,36.76
2020,1,PR23,24.12,81.36
2020,1,PR24,6.54,26.4
2020,2,PR01,16.63,50.34
2020,2,PR02,24.0,57.85
2020,2,PR03,9.69,38.08
2020,2,PR04,9.77,36.56
2020,2,PR05,10.37,33.84
2020,2,PR06,29.23,95.46
2020,2,PR07,9.96,37.81
2020,2,PR08,15.78,52.78
2020,2,PR09,9.8,38.52
2020,2,PR10,12.69,49.64
2020,2,PR11,22.58,68.53
2020,2,PR12,4.91,18.44
2020,2,PR13,5.16,18.5
2020,2,PR14,11.28,41.42
2020,2,PR15,11.97,40.23
2020,2,PR16,14.94,48.58
2020,2,PR17,14.24,58.79
2020,2,PR18,4.24,16.66
2020,2,PR19,9.04,31.59
2020,2,PR20,11.98,40.26
2020,2,PR21,19.03,60.53
2020,2,PR22,9.22,37.14
2020,2,PR23,24.22,81.69
2020,2,PR24,5.74,23.17
2020,3,PR01,16.8,50.73
2020,3,PR02,24.1,58.16
2020,3,PR03,9.8,38.54
2020,3,PR04,9.94,37.19
2020,3,PR05,10.61,34.61
2020,3,PR06,29.04,94.86
2020,3,PR07,10.16,38.59
2020,3,PR08,16.94,56.66
2020,3,PR09,9.93,39.01
2020,3,PR10,14.15,55.33
2020,3,PR11,22.08,67.01
2020,3,PR12,4.99,18.74
2020,3,PR13,5.27,18.87
2020,3,PR14,10.92,40.08
2020,3,PR15,12.05,40.47
2020,3,PR16,15.01,48.81
2020,3,PR17,14.28,58.97
2020,3,PR18,4.3,16.89
2020,3,PR19,8.99,31.41
2020,3,PR20,12.14,40.8
2020,3,PR21,19.49,61.98
2020,3,PR22,9.35,37.66
2020,3,PR23,24.35,82.13
2020,3,PR24,6.48,26.18
2020,4,PR01,16.88,50.85
2020,4,PR02,24.62,59.48
2020,4,PR03,10.1,39.7
2020,4,PR04,9.76,36.51
2020,4,PR05,11.75,38.34
2020,4,PR06,28.42,92.81
2020,4,PR07,9.94,37.77
2020,4,PR08,15.55,52.01
2020,4,PR09,9.81,38.56
2020,4,PR10,14.17,55.4
2020,4,PR11,22.11,67.11
2020,4,PR12,5.99,22.5
2020,4,PR13,5.33,19.09
2020,4,PR14,10.93,40.12
2020,4,PR15,11.91,40.0
2020,4,PR16,14.84,48.23
2020,4,PR17,14.24,58.78
2020,4,PR18,4.3,16.89
2020,4,PR19,8.96,31.32
2020,4,PR20,12.0,40.33
2020,4,PR21,19.3,61.38
2020,4,PR22,9.4,37.87
2020,4,PR23,24.22,81.71
2020,4,PR24,6.52,26.34
2021,1,PR01,16.57,49.78
2021,1,PR02,24.07,58.22
2021,1,PR03,10.23,40.24
2021,1,PR04,9.76,36.52
2021,1,PR05,11.69,38.13
2021,1,PR06,28.67,93.65
2021,1,PR07,10.03,38.1
2021,1,PR08,15.89,53.16
2021,1,PR09,9.94,39.06
2021,1,PR10,13.76,53.82
2021,1,PR11,22.22,67.45
2021,1,PR12,4.96,18.62
2021,1,PR13,5.3,18.99
2021,1,PR14,10.87,39.92
2021,1,PR15,11.7,39.29
2021,1,PR16,14.68,47.74
2021,1,PR17,14.2,58.63
2021,1,PR18,4.31,16.93
2021,1,PR19,8.89,31.08
2021,1,PR20,11.9,40.0
2021,1,PR21,19.33,61.46
2021,1,PR22,16.2,65.27
2021,1,PR23,23.85,80.43
2021,1,PR24,6.47,26.12
2021,2,PR01,16.58,49.7
2021,2,PR02,24.09,58.32
2021,2,PR03,10.23,40.2
2021,2,PR04,9.65,36.1
2021,2,PR05,11.76,38.37
2021,2,PR06,28.27,92.34
2021,2,PR07,9.97,37.88
2021,2,PR08,15.93,53.29
2021,2,PR09,9.94,39.07
2021,2,PR10,13.67,53.47
2021,2,PR11,22.07,67.0
2021,2,PR12,5.09,19.13
2021,2,PR13,5.41,19.39
2021,2,PR14,11.01,40.43
2021,2,PR15,11.63,39.07
2021,2,PR16,14.68,47.74
2021,2,PR17,13.57,56.03
2021,2,PR18,4.28,16.79
2021,2,PR19,8.89,31.05
2021,2,PR20,11.32,38.06
2021,2,PR21,18.95,60.28
2021,2,PR22,16.4,66.08
2021,2,PR23,23.77,80.18
2021,2,PR24,6.66,26.9
2021,3,PR01,16.78,50.19
2021,3,PR02,24.21,58.69
2021,3,PR03,10.38,40.8
2021,3,PR04,9.49,35.49
2021,3,PR05,11.84,38.64
2021,3,PR06,29.06,94.91
2021,3,PR07,10.22,38.82
2021,3,PR08,17.42,58.25
2021,3,PR09,10.83,42.57
2021,3,PR10,13.82,54.05
2021,3,PR11,22.4,67.98
2021,3,PR12,5.19,19.49
2021,3,PR13,5.58,20.0
2021,3,PR14,11.0,40.38
2021,3,PR15,11.56,38.84
2021,3,PR16,14.79,48.08
2021,3,PR17,16.83,69.51
2021,3,PR18,4.3,16.88
2021,3,PR19,8.99,31.41
2021,3,PR20,11.23,37.74
2021,3,PR21,23.12,73.52
2021,3,PR22,19.26,77.62
2021,3,PR23,23.79,80.26
2021,3,PR24,6.6,26.64
2021,4,PR01,16.89,50.38
2021,4,PR02,24.22,58.79
2021,4,PR03,10.68,42.01
2021,4,PR04,9.61,35.97
2021,4,PR05,12.1,39.48
2021,4,PR06,29.33,95.8
2021,4,PR07,10.27,39.01
2021,4,PR08,16.34,54.64
2021,4,PR09,11.01,43.27
2021,4,PR10,13.84,54.13
2021,4,PR11,22.72,68.95
2021,4,PR12,6.39,24.01
2021,4,PR13,5.73,20.53
2021,4,PR14,10.9,40.03
2021,4,PR15,11.35,38.12
2021,4,PR16,14.62,47.53
2021,4,PR17,14.24,58.79
2021,4,PR18,4.22,16.59
2021,4,PR19,8.98,31.37
2021,4,PR20,11.02,37.05
2021,4,PR21,20.89,66.45
2021,4,PR22,19.23,77.49
2021,4,PR23,23.65,79.76
2021,4,PR24,6.39,25.79
2022,1,PR01,16.7,49.7
2022,1,PR02,24.19,58.78
2022,1,PR03,11.18,43.97
2022,1,PR04,9.78,36.61
2022,1,PR05,12.22,39.88
2022,1,PR06,29.41,96.05
2022,1,PR07,11.54,43.83
2022,1,PR08,16.29,54.48
2022,1,PR09,10.97,43.1
2022,1,PR10,14.01,54.78
2022,1,PR11,21.65,65.7
2022,1,PR12,5.91,22.19
2022,1,PR13,5.96,21.37
2022,1,PR14,10.88,39.96
2022,1,PR15,11.21,37.67
2022,1,PR16,14.13,45.94
2022,1,PR17,14.86,61.35
2022,1,PR18,4.34,17.02
2022,1,PR19,8.96,31.32
2022,1,PR20,10.98,36.9
2022,1,PR21,20.78,66.1
2022,1,PR22,14.63,58.96
2022,1,PR23,23.68,79.88
2022,1,PR24,6.92,27.93
2022,2,PR01,16.76,49.77
2022,2,PR02,24.18,58.82
2022,2,PR03,12.35,48.55
2022,2,PR04,9.95,37.24
2022,2,PR05,12.39,40.43
2022,2,PR06,29.77,97.25
2022,2,PR07,11.63,44.16
2022,2,PR08,16.32,54.59
2022,2,PR09,10.96,43.07
2022,2,PR10,14.28,55.86
2022,2,PR11,21.41,64.98
2022,2,PR12,5.97,22.41
2022,2,PR13,6.4,22.95
2022,2,PR14,11.07,40.64
2022,2,PR15,11.14,37.43
2022,2,PR16,14.05,45.67
2022,2,PR17,14.65,60.5
2022,2,PR18,4.69,18.4
2022,2,PR19,9.06,31.65
2022,2,PR20,10.97,36.86
2022,2,PR21,20.91,66.49
2022,2,PR22,14.89,60.0
2022,2,PR23,23.39,78.89
2022,2,PR24,7.65,30.89
2022,3,PR01,16.75,49.6
2022,3,PR02,24.12,58.73
2022,3,PR03,12.36,48.58
2022,3,PR04,9.9,37.06
2022,3,PR05,12.48,40.73
2022,3,PR06,29.7,97.02
2022,3,PR07,11.89,45.17
2022,3,PR08,16.36,54.71
2022,3,PR09,11.05,43.42
2022,3,PR10,14.77,57.76
2022,3,PR11,20.33,61.71
2022,3,PR12,5.99,22.49
2022,3,PR13,6.55,23.47
2022,3,PR14,11.07,40.65
2022,3,PR15,10.82,36.34
2022,3,PR16,13.19,42.88
2022,3,PR17,14.67,60.58
2022,3,PR18,4.92,19.32
2022,3,PR19,9.08,31.72
2022,3,PR20,10.92,36.71
2022,3,PR21,21.11,67.15
2022,3,PR22,15.11,60.9
2022,3,PR23,24.01,81.0
2022,3,PR24,7.56,30.52
2022,4,PR01,16.53,48.83
2022,4,PR02,23.97,58.44
2022,4,PR03,12.82,50.39
2022,4,PR04,10.06,37.65
2022,4,PR05,12.52,40.84
2022,4,PR06,29.71,97.05
2022,4,PR07,12.09,45.93
2022,4,PR08,16.43,54.96
2022,4,PR09,11.06,43.45
2022,4,PR10,14.98,58.57
2022,4,PR11,23.13,70.19
2022,4,PR12,5.96,22.4
2022,4,PR13,6.67,23.91
2022,4,PR14,11.17,41.01
2022,4,PR15,11.09,37.24
2022,4,PR16,13.82,44.93
2022,4,PR17,14.79,61.08
2022,4,PR18,4.95,19.44
2022,4,PR19,9.3,32.49
2022,4,PR20,9.52,31.99
2022,4,PR21,21.25,67.59
2022,4,PR22,15.33,61.78
2022,4,PR23,23.98,80.91
2022,4,PR24,7.92,31.98
2023,1,PR01,16.83,49.59
2023,1,PR02,24.48,59.73
2023,1,PR03,12.69,49.87
2023,1,PR04,9.64,36.08
2023,1,PR05,11.97,39.06
2023,1,PR06,29.93,97.77
2023,1,PR07,12.2,46.33
2023,1,PR08,16.27,54.42
2023,1,PR09,12.1,47.53
2023,1,PR10,15.26,59.67
2023,1,PR11,22.5,68.3
2023,1,PR12,6.2,23.28
2023,1,PR13,6.89,24.68
2023,1,PR14,11.03,40.49
2023,1,PR15,11.32,38.03
2023,1,PR16,13.83,44.98
2023,1,PR17,14.67,60.57
2023,1,PR18,5.29,20.76
2023,1,PR19,9.21,32.18
2023,1,PR20,9.28,31.17
2023,1,PR21,21.01,66.83
2023,1,PR22,15.47,62.32
2023,1,PR23,24.2,81.64
2023,1,PR24,8.05,32.5
2023,2,PR01,17.36,51.04
2023,2,PR02,26.59,64.95
2023,2,PR03,12.78,50.23
2023,2,PR04,10.05,37.61
2023,2,PR05,11.86,38.7
2023,2,PR06,31.36,102.43
2023,2,PR07,12.8,48.63
2023,2,PR08,16.91,56.57
2023,2,PR09,12.34,48.48
2023,2,PR10,15.37,60.11
2023,2,PR11,22.44,68.11
2023,2,PR12,6.4,24.06
2023,2,PR13,6.97,24.99
2023,2,PR14,11.24,41.28
2023,2,PR15,12.43,41.76
2023,2,PR16,13.3,43.24
2023,2,PR17,15.33,63.3
2023,2,PR18,5.23,20.52
2023,2,PR19,9.21,32.2
2023,2,PR20,10.02,33.68
2023,2,PR21,21.62,68.75
2023,2,PR22,15.63,62.96
2023,2,PR23,24.45,82.48
2023,2,PR24,8.3,33.51
2023,3,PR01,16.71,49.01
2023,3,PR02,23.68,57.9
2023,3,PR03,13.22,51.98
2023,3,PR04,9.75,36.47
2023,3,PR05,12.23,39.89
2023,3,PR06,29.6,96.67
2023,3,PR07,12.2,46.35
2023,3,PR08,16.35,54.69
2023,3,PR09,12.21,47.98
2023,3,PR10,15.48,60.54
2023,3,PR11,22.36,67.87
2023,3,PR12,8.59,32.28
2023,3,PR13,7.0,25.1
2023,3,PR14,10.85,39.85
2023,3,PR15,10.91,36.65
2023,3,PR16,13.42,43.64
2023,3,PR17,14.81,61.17
2023,3,PR18,5.52,21.68
2023,3,PR19,9.23,32.26
2023,3,PR20,10.49,35.25
2023,3,PR21,20.85,66.32
2023,3,PR22,14.83,59.77
2023,3,PR23,24.47,82.55
2023,3,PR24,7.4,29.86
2023,4,PR01,16.74,48.96
2023,4,PR02,23.29,57.01
2023,4,PR03,12.23,48.07
2023,4,PR04,9.42,35.23
2023,4,PR05,11.97,39.05
2023,4,PR06,28.96,94.59
2023,4,PR07,10.98,41.71
2023,4,PR08,18.08,60.48
2023,4,PR09,12.67,49.79
2023,4,PR10,15.11,59.1
2023,4,PR11,22.13,67.17
2023,4,PR12,5.86,22.03
2023,4,PR13,7.02,25.15
2023,4,PR14,10.21,37.5
2023,4,PR15,9.67,32.49
2023,4,PR16,12.61,41.02
2023,4,PR17,14.7,60.71
2023,4,PR18,5.14,20.18
2023,4,PR19,10.0,34.96
2023,4,PR20,10.62,35.7
2023,4,PR21,19.42,61.77
2023,4,PR22,15.67,63.15
2023,4,PR23,24.28,81.92
2023,4,PR24,7.49,30.25
2024,1,PR01,16.53,48.24
2024,1,PR02,22.88,56.07
2024,1,PR03,11.93,46.89
2024,1,PR04,9.37,35.04
2024,1,PR05,11.89,38.78
2024,1,PR06,28.89,94.36
2024,1,PR07,10.87,41.29
2024,1,PR08,17.93,59.99
2024,1,PR09,15.35,60.32
2024,1,PR10,15.06,58.89
2024,1,PR11,21.73,65.94
2024,1,PR12,5.66,21.28
2024,1,PR13,6.8,24.36
2024,1,PR14,10.07,36.96
2024,1,PR15,9.41,31.61
2024,1,PR16,12.29,39.95
2024,1,PR17,14.95,61.71
2024,1,PR18,4.74,18.62
2024,1,PR19,11.36,39.69
2024,1,PR20,10.01,33.65
2024,1,PR21,19.35,61.54
2024,1,PR22,14.59,58.77
2024,1,PR23,24.17,81.54
2024,1,PR24,7.4,29.89
2024,2,PR01,15.8,45.98
2024,2,PR02,22.48,55.15
2024,2,PR03,12.79,50.29
2024,2,PR04,9.23,34.52
2024,2,PR05,11.92,38.88
2024,2,PR06,28.64,93.54
2024,2,PR07,10.8,41.04
2024,2,PR08,17.91,59.9
2024,2,PR09,15.32,60.2
2024,2,PR10,15.05,58.86
2024,2,PR11,21.43,65.04
2024,2,PR12,5.69,21.36
2024,2,PR13,6.74,24.15
2024,2,PR14,10.14,37.22
2024,2,PR15,9.28,31.17
2024,2,PR16,12.4,40.3
2024,2,PR17,15.03,62.08
2024,2,PR18,4.66,18.29
2024,2,PR19,11.39,39.82
2024,2,PR20,9.91,33.32
2024,2,PR21,19.21,61.1
2024,2,PR22,14.47,58.32
2024,2,PR23,24.27,81.88
2024,2,PR24,7.32,29.57
2024,3,PR01,16.02,46.49
2024,3,PR02,23.13,56.79
2024,3,PR03,12.9,50.71
2024,3,PR04,9.26,34.64
2024,3,PR05,11.91,38.86
2024,3,PR06,28.93,94.51
2024,3,PR07,10.98,41.7
2024,3,PR08,18.13,60.66
2024,3,PR09,15.16,59.56
2024,3,PR10,14.72,57.55
2024,3,PR11,21.25,64.49
2024,3,PR12,5.6,21.05
2024,3,PR13,6.85,24.55
2024,3,PR14,10.42,38.27
2024,3,PR15,9.71,32.63
2024,3,PR16,12.61,41.0
2024,3,PR17,15.01,61.99
2024,3,PR18,4.77,18.72
2024,3,PR19,11.47,40.08
2024,3,PR20,9.84,33.08
2024,3,PR21,19.01,60.47
2024,3,PR22,14.54,58.61
2024,3,PR23,24.4,82.32
2024,3,PR24,7.54,30.46
2024,4,PR01,16.03,46.42
2024,4,PR02,23.64,58.11
2024,4,PR03,13.25,52.08
2024,4,PR04,9.22,34.49
2024,4,PR05,11.99,39.11
2024,4,PR06,29.3,95.7
2024,4,PR07,11.02,41.86
2024,4,PR08,18.3,61.23
2024,4,PR09,15.49,60.88
2024,4,PR10,15.79,61.74
2024,4,PR11,21.39,64.92
2024,4,PR12,5.79,21.77
2024,4,PR13,6.71,24.05
2024,4,PR14,10.37,38.06
2024,4,PR15,9.8,32.94
2024,4,PR16,13.23,43.03
2024,4,PR17,15.12,62.45
2024,4,PR18,4.72,18.53
2024,4,PR19,11.72,40.96
2024,4,PR20,9.73,32.71
2024,4,PR21,19.15,60.91
2024,4,PR22,14.57,58.72
2024,4,PR23,24.27,81.88
2024,4,PR24,7.72,31.17
2025,1,PR01,15.97,46.11
2025,1,PR02,24.15,59.41
2025,1,PR03,12.95,50.93
2025,1,PR04,9.26,34.66
2025,1,PR05,11.88,38.77
2025,1,PR06,29.08,94.98
2025,1,PR07,11.05,41.96
2025,1,PR08,18.24,61.0
2025,1,PR09,15.49,60.86
2025,1,PR10,15.89,62.16
2025,1,PR11,21.2,64.36
2025,1,PR12,5.58,20.98
2025,1,PR13,6.85,24.57
2025,1,PR14,10.12,37.17
2025,1,PR15,9.84,33.08
2025,1,PR16,12.71,41.31
2025,1,PR17,15.02,62.04
2025,1,PR18,4.67,18.33
2025,1,PR19,11.86,41.43
2025,1,PR20,9.08,30.52
2025,1,PR21,18.93,60.21
2025,1,PR22,11.43,46.07
2025,1,PR23,24.19,81.61
2025,1,PR24,7.68,31.02
