anio,trimestre,provincia_id,accesos100hab,accesos100hog
2014,1,PR01,26.72,85.26
2014,1,PR02,52.66,128.57
2014,1,PR03,10.03,39.45
2014,1,PR04,9.09,34.02
2014,1,PR05,17.66,57.59
2014,1,PR06,21.09,68.88
2014,1,PR07,9.71,36.88
2014,1,PR08,17.14,57.33
2014,1,PR09,7.38,28.98
2014,1,PR10,7.81,30.56
2014,1,PR11,21.26,64.52
2014,1,PR12,10.98,41.24
2014,1,PR13,17.26,61.84
2014,1,PR14,9.49,34.85
2014,1,PR15,15.27,51.29
2014,1,PR16,17.69,57.51
2014,1,PR17,10.76,44.44
2014,1,PR18,12.71,49.89
2014,1,PR19,10.92,38.17
2014,1,PR20,13.17,44.25
2014,1,PR21,22.93,72.91
2014,1,PR22,7.73,31.15
2014,1,PR23,22.23,74.98
2014,1,PR24,13.47,54.39
2014,2,PR01,26.61,84.74
2014,2,PR02,52.56,127.68
2014,2,PR03,10.02,39.38
2014,2,PR04,9.06,33.89
2014,2,PR05,17.57,57.31
2014,2,PR06,20.91,68.28
2014,2,PR07,9.69,36.8
2014,2,PR08,17.12,57.25
2014,2,PR09,7.37,28.95
2014,2,PR10,7.82,30.59
2014,2,PR11,21.45,65.09
2014,2,PR12,10.9,40.94
2014,2,PR13,17.2,61.64
2014,2,PR14,9.45,34.7
2014,2,PR15,15.22,51.12
2014,2,PR16,17.62,57.28
2014,2,PR17,10.75,44.37
2014,2,PR18,12.67,49.73
2014,2,PR19,10.89,38.03
2014,2,PR20,13.11,44.04
2014,2,PR21,22.8,72.51
2014,2,PR22,7.7,31.02
2014,2,PR23,22.08,74.44
2014,2,PR24,13.49,54.47
2014,3,PR01,26.69,84.85
2014,3,PR02,52.69,127.35
2014,3,PR03,10.02,39.39
2014,3,PR04,9.35,34.97
2014,3,PR05,17.57,57.32
2014,3,PR06,20.74,67.73
2014,3,PR07,9.94,37.74
2014,3,PR08,17.59,58.84
2014,3,PR09,7.36,28.92
2014,3,PR10,7.82,30.59
2014,3,PR11,21.2,64.33
2014,3,PR12,10.83,40.69
2014,3,PR13,17.15,61.44
2014,3,PR14,9.52,34.93
2014,3,PR15,15.16,50.92
2014,3,PR16,17.57,57.13
2014,3,PR17,10.72,44.27
2014,3,PR18,12.72,49.91
2014,3,PR19,10.78,37.67
2014,3,PR20,13.11,44.03
2014,3,PR21,22.9,72.83
2014,3,PR22,7.69,30.98
2014,3,PR23,21.97,74.08
2014,3,PR24,13.52,54.56
2014,4,PR01,26.96,85.55
2014,4,PR02,52.93,127.29
2014,4,PR03,9.99,39.27
2014,4,PR04,9.28,34.71
2014,4,PR05,17.76,57.92
2014,4,PR06,20.65,67.43
2014,4,PR07,9.89,37.55
2014,4,PR08,17.51,58.56
2014,4,PR09,7.31,28.73
2014,4,PR10,7.81,30.55
2014,4,PR11,21.41,64.99
2014,4,PR12,10.74,40.33
2014,4,PR13,17.49,62.68
2014,4,PR14,9.47,34.75
2014,4,PR15,15.29,51.34
2014,4,PR16,17.8,57.87
2014,4,PR17,10.68,44.08
2014,4,PR18,12.96,50.88
2014,4,PR19,10.84,37.88
2014,4,PR20,13.17,44.26
2014,4,PR21,22.79,72.46
2014,4,PR22,7.65,30.81
2014,4,PR23,21.96,74.05
2014,4,PR24,13.47,54.39
2015,1,PR01,28.93,91.61
2015,1,PR02,53.53,128.08
2015,1,PR03,9.89,38.89
2015,1,PR04,9.15,34.24
2015,1,PR05,18.51,60.38
2015,1,PR06,20.51,66.99
2015,1,PR07,10.17,38.63
2015,1,PR08,17.45,58.36
2015,1,PR09,7.25,28.48
2015,1,PR10,7.79,30.45
2015,1,PR11,22.47,68.21
2015,1,PR12,10.63,39.92
2015,1,PR13,18.05,64.69
2015,1,PR14,9.33,34.25
2015,1,PR15,15.58,52.35
2015,1,PR16,18.31,59.52
2015,1,PR17,10.62,43.84
2015,1,PR18,13.36,52.44
2015,1,PR19,10.97,38.34
2015,1,PR20,18.17,61.05
2015,1,PR21,22.62,71.94
2015,1,PR22,7.58,30.54
2015,1,PR23,22.15,74.68
2015,1,PR24,13.38,54.02
2015,2,PR01,28.03,88.59
2015,2,PR02,54.18,128.99
2015,2,PR03,9.87,38.8
2015,2,PR04,9.13,34.15
2015,2,PR05,19.01,62.01
2015,2,PR06,20.32,66.35
2015,2,PR07,10.15,38.54
2015,2,PR08,17.41,58.21
2015,2,PR09,7.23,28.4
2015,2,PR10,7.76,30.36
2015,2,PR11,22.79,69.15
2015,2,PR12,10.59,39.78
2015,2,PR13,18.6,66.63
2015,2,PR14,9.3,34.15
2015,2,PR15,15.79,53.02
2015,2,PR16,18.83,61.2
2015,2,PR17,10.58,43.69
2015,2,PR18,13.65,53.58
2015,2,PR19,11.11,38.81
2015,2,PR20,18.42,61.89
2015,2,PR21,22.52,71.61
2015,2,PR22,7.56,30.46
2015,2,PR23,22.5,75.85
2015,2,PR24,13.34,53.83
2015,3,PR01,28.24,89.06
2015,3,PR02,53.27,126.17
2015,3,PR03,9.87,38.81
2015,3,PR04,9.36,35.02
2015,3,PR05,19.36,63.15
2015,3,PR06,20.36,66.5
2015,3,PR07,10.34,39.25
2015,3,PR08,17.77,59.44
2015,3,PR09,7.21,28.31
2015,3,PR10,7.79,30.45
2015,3,PR11,22.89,69.47
2015,3,PR12,10.49,39.39
2015,3,PR13,18.97,67.97
2015,3,PR14,9.5,34.87
2015,3,PR15,15.9,53.41
2015,3,PR16,19.11,62.12
2015,3,PR17,10.56,43.59
2015,3,PR18,13.95,54.77
2015,3,PR19,11.12,38.84
2015,3,PR20,18.64,62.62
2015,3,PR21,22.54,71.68
2015,3,PR22,7.44,29.97
2015,3,PR23,22.97,77.47
2015,3,PR24,13.37,53.98
2015,4,PR01,28.17,88.65
2015,4,PR02,51.45,121.24
2015,4,PR03,9.85,38.74
2015,4,PR04,9.0,33.67
2015,4,PR05,19.43,63.37
2015,4,PR06,20.13,65.75
2015,4,PR07,10.01,38.03
2015,4,PR08,17.24,57.67
2015,4,PR09,7.15,28.08
2015,4,PR10,7.79,30.45
2015,4,PR11,23.15,70.27
2015,4,PR12,10.43,39.17
2015,4,PR13,19.06,68.31
2015,4,PR14,9.35,34.31
2015,4,PR15,17.37,58.34
2015,4,PR16,19.22,62.47
2015,4,PR17,10.52,43.45
2015,4,PR18,14.06,55.19
2015,4,PR19,11.07,38.67
2015,4,PR20,16.32,54.85
2015,4,PR21,22.24,70.73
2015,4,PR22,7.35,29.62
2015,4,PR23,23.06,77.77
2015,4,PR24,13.35,53.87
2016,1,PR01,29.04,91.2
2016,1,PR02,52.62,123.37
2016,1,PR03,9.68,38.05
2016,1,PR04,8.86,33.16
2016,1,PR05,21.36,69.67
2016,1,PR06,19.56,63.87
2016,1,PR07,9.47,35.97
2016,1,PR08,16.77,56.1
2016,1,PR09,7.06,27.73
2016,1,PR10,7.69,30.07
2016,1,PR11,24.15,73.3
2016,1,PR12,10.18,38.23
2016,1,PR13,20.06,71.88
2016,1,PR14,9.6,35.26
2016,1,PR15,16.27,54.66
2016,1,PR16,20.64,67.09
2016,1,PR17,10.35,42.75
2016,1,PR18,15.32,60.16
2016,1,PR19,11.19,39.11
2016,1,PR20,14.47,48.61
2016,1,PR21,21.72,69.06
2016,1,PR22,6.9,27.79
2016,1,PR23,25.11,84.69
2016,1,PR24,13.17,53.16
2016,2,PR01,29.22,91.58
2016,2,PR02,51.66,121.27
2016,2,PR03,9.63,37.85
2016,2,PR04,8.92,33.37
2016,2,PR05,20.0,65.24
2016,2,PR06,19.52,63.75
2016,2,PR07,9.49,36.03
2016,2,PR08,16.88,56.44
2016,2,PR09,6.97,27.4
2016,2,PR10,7.66,29.96
2016,2,PR11,23.69,71.89
2016,2,PR12,10.17,38.19
2016,2,PR13,19.42,69.6
2016,2,PR14,9.19,33.73
2016,2,PR15,15.75,52.92
2016,2,PR16,19.92,64.77
2016,2,PR17,10.31,42.56
2016,2,PR18,14.37,56.4
2016,2,PR19,11.03,38.53
2016,2,PR20,13.46,45.23
2016,2,PR21,21.67,68.91
2016,2,PR22,7.04,28.38
2016,2,PR23,24.32,82.01
2016,2,PR24,13.04,52.65
2016,3,PR01,28.33,88.63
2016,3,PR02,52.45,123.09
2016,3,PR03,9.68,38.05
2016,3,PR04,8.88,33.23
2016,3,PR05,20.41,66.58
2016,3,PR06,19.5,63.68
2016,3,PR07,9.48,35.98
2016,3,PR08,16.81,56.22
2016,3,PR09,7.04,27.67
2016,3,PR10,7.67,29.98
2016,3,PR11,23.88,72.49
2016,3,PR12,10.17,38.21
2016,3,PR13,19.77,70.85
2016,3,PR14,9.17,33.68
2016,3,PR15,16.14,54.22
2016,3,PR16,20.25,65.84
2016,3,PR17,10.31,42.57
2016,3,PR18,15.01,58.92
2016,3,PR19,11.12,38.84
2016,3,PR20,13.51,45.4
2016,3,PR21,21.57,68.6
2016,3,PR22,6.97,28.1
2016,3,PR23,24.69,83.27
2016,3,PR24,13.08,52.81
2016,4,PR01,28.86,90.08
2016,4,PR02,52.87,125.25
2016,4,PR03,9.61,37.79
2016,4,PR04,8.79,32.9
2016,4,PR05,21.07,68.73
2016,4,PR06,19.44,63.5
2016,4,PR07,9.41,35.72
2016,4,PR08,16.65,55.69
2016,4,PR09,7.01,27.54
2016,4,PR10,7.62,29.81
2016,4,PR11,23.99,72.81
2016,4,PR12,10.07,37.83
2016,4,PR13,19.89,71.28
2016,4,PR14,9.52,34.94
2016,4,PR15,16.1,54.08
2016,4,PR16,20.42,66.39
2016,4,PR17,10.25,42.32
2016,4,PR18,15.19,59.65
2016,4,PR19,11.08,38.72
2016,4,PR20,14.17,47.62
2016,4,PR21,21.61,68.73
2016,4,PR22,6.84,27.57
2016,4,PR23,24.61,83.01
2016,4,PR24,13.04,52.65
2017,1,PR01,29.04,91.2
2017,1,PR02,52.62,123.37
2017,1,PR03,9.68,38.05
2017,1,PR04,8.86,33.16
2017,1,PR05,21.36,69.67
2017,1,PR06,19.56,63.87
2017,1,PR07,9.47,35.97
2017,1,PR08,16.77,56.1
2017,1,PR09,7.06,27.73
2017,1,PR10,7.69,30.07
2017,1,PR11,24.15,73.3
2017,1,PR12,10.18,38.23
2017,1,PR13,20.06,71.88
2017,1,PR14,9.6,35.26
2017,1,PR15,16.27,54.66
2017,1,PR16,20.64,67.09
2017,1,PR17,10.35,42.75
2017,1,PR18,15.32,60.16
2017,1,PR19,11.19,39.11
2017,1,PR20,14.47,48.61
2017,1,PR21,21.72,69.06
2017,1,PR22,6.9,27.79
2017,1,PR23,25.11,84.69
2017,1,PR24,13.17,53.16
2017,2,PR01,29.22,91.58
2017,2,PR02,51.66,121.27
2017,2,PR03,9.63,37.85
2017,2,PR04,8.92,33.37
2017,2,PR05,20.0,65.24
2017,2,PR06,19.52,63.75
2017,2,PR07,9.49,36.03
2017,2,PR08,16.88,56.44
2017,2,PR09,6.97,27.4
2017,2,PR10,7.66,29.96
2017,2,PR11,23.69,71.89
2017,2,PR12,10.17,38.19
2017,2,PR13,19.42,69.6
2017,2,PR14,9.19,33.73
2017,2,PR15,15.75,52.92
2017,2,PR16,19.92,64.77
2017,2,PR17,10.31,42.56
2017,2,PR18,14.37,56.4
2017,2,PR19,11.03,38.53
2017,2,PR20,13.46,45.23
2017,2,PR21,21.67,68.91
2017,2,PR22,7.04,28.38
2017,2,PR23,24.32,82.01
2017,2,PR24,13.04,52.65
2017,3,PR01,28.33,88.63
2017,3,PR02,52.45,123.09
2017,3,PR03,9.68,38.05
2017,3,PR04,8.88,33.23
2017,3,PR05,20.41,66.58
2017,3,PR06,19.5,63.68
2017,3,PR07,9.48,35.98
2017,3,PR08,16.81,56.22
2017,3,PR09,7.04,27.67
2017,3,PR10,7.67,29.98
2017,3,PR11,23.88,72.49
2017,3,PR12,10.17,38.21
2017,3,PR13,19.77,70.85
2017,3,PR14,9.17,33.68
2017,3,PR15,16.14,54.22
2017,3,PR16,20.25,65.84
2017,3,PR17,10.31,42.57
2017,3,PR18,15.01,58.92
2017,3,PR19,11.12,38.84
2017,3,PR20,13.51,45.4
2017,3,PR21,21.57,68.6
2017,3,PR22,6.97,28.1
2017,3,PR23,24.69,83.27
2017,3,PR24,13.08,52.81
2017,4,PR01,28.86,90.08
2017,4,PR02,52.87,125.25
2017,4,PR03,9.61,37.79
2017,4,PR04,8.79,32.9
2017,4,PR05,21.07,68.73
2017,4,PR06,19.44,63.5
2017,4,PR07,9.41,35.72
2017,4,PR08,16.65,55.69
2017,4,PR09,7.01,27.54
2017,4,PR10,7.62,29.81
2017,4,PR11,23.99,72.81
2017,4,PR12,10.07,37.83
2017,4,PR13,19.89,71.28
2017,4,PR14,9.52,34.94
2017,4,PR15,16.1,54.08
2017,4,PR16,20.42,66.39
2017,4,PR17,10.25,42.32
2017,4,PR18,15.19,59.65
2017,4,PR19,11.08,38.72
2017,4,PR20,14.17,47.62
2017,4,PR21,21.61,68.73
2017,4,PR22,6.84,27.57
2017,4,PR23,24.61,83.01
2017,4,PR24,13.04,52.65
2018,1,PR01,25.89,79.97
2018,1,PR02,56.48,134.65
2018,1,PR03,9.43,37.07
2018,1,PR04,8.42,31.5
2018,1,PR05,19.16,62.5
2018,1,PR06,18.85,61.55
2018,1,PR07,9.07,34.44
2018,1,PR08,15.9,53.19
2018,1,PR09,6.76,26.56
2018,1,PR10,7.23,28.27
2018,1,PR11,21.42,65.02
2018,1,PR12,9.43,35.43
2018,1,PR13,18.56,66.49
2018,1,PR14,8.42,30.9
2018,1,PR15,15.1,50.72
2018,1,PR16,19.28,62.69
2018,1,PR17,9.7,40.03
2018,1,PR18,15.12,59.37
2018,1,PR19,8.98,31.38
2018,1,PR20,12.83,43.11
2018,1,PR21,19.84,63.11
2018,1,PR22,5.98,24.11
2018,1,PR23,20.41,68.83
2018,1,PR24,13.03,52.62
2018,2,PR01,26.06,80.31
2018,2,PR02,56.81,135.61
2018,2,PR03,9.36,36.78
2018,2,PR04,8.31,31.08
2018,2,PR05,19.58,63.88
2018,2,PR06,18.58,60.68
2018,2,PR07,9.0,34.17
2018,2,PR08,15.72,52.57
2018,2,PR09,6.68,26.25
2018,2,PR10,7.12,27.85
2018,2,PR11,21.5,65.25
2018,2,PR12,9.19,34.51
2018,2,PR13,18.51,66.32
2018,2,PR14,8.77,32.21
2018,2,PR15,15.04,50.51
2018,2,PR16,19.21,62.45
2018,2,PR17,9.51,39.27
2018,2,PR18,15.08,59.21
2018,2,PR19,8.95,31.28
2018,2,PR20,12.76,42.88
2018,2,PR21,19.7,62.64
2018,2,PR22,5.77,23.23
2018,2,PR23,20.28,68.38
2018,2,PR24,12.97,52.34
2018,3,PR01,26.08,80.19
2018,3,PR02,57.86,138.28
2018,3,PR03,9.27,36.43
2018,3,PR04,7.75,28.99
2018,3,PR05,19.49,63.59
2018,3,PR06,18.28,59.71
2018,3,PR07,8.6,32.65
2018,3,PR08,14.69,49.14
2018,3,PR09,6.61,25.98
2018,3,PR10,7.02,27.47
2018,3,PR11,21.45,65.11
2018,3,PR12,9.0,33.79
2018,3,PR13,18.46,66.15
2018,3,PR14,8.41,30.87
2018,3,PR15,14.98,50.34
2018,3,PR16,19.14,62.22
2018,3,PR17,9.31,38.45
2018,3,PR18,15.04,59.04
2018,3,PR19,8.92,31.17
2018,3,PR20,12.66,42.55
2018,3,PR21,19.29,61.36
2018,3,PR22,5.59,22.53
2018,3,PR23,20.15,67.95
2018,3,PR24,12.89,52.05
2018,4,PR01,26.4,80.98
2018,4,PR02,57.12,136.67
2018,4,PR03,9.02,35.48
2018,4,PR04,8.08,30.22
2018,4,PR05,19.5,63.61
2018,4,PR06,18.14,59.23
2018,4,PR07,8.77,33.3
2018,4,PR08,15.19,50.79
2018,4,PR09,6.48,25.46
2018,4,PR10,6.92,27.07
2018,4,PR11,21.62,65.62
2018,4,PR12,8.79,33.01
2018,4,PR13,18.42,66.01
2018,4,PR14,8.41,30.89
2018,4,PR15,16.78,56.38
2018,4,PR16,19.07,62.01
2018,4,PR17,9.05,37.35
2018,4,PR18,15.01,58.92
2018,4,PR19,10.4,36.34
2018,4,PR20,12.6,42.35
2018,4,PR21,19.97,63.51
2018,4,PR22,7.71,31.05
2018,4,PR23,20.02,67.52
2018,4,PR24,12.65,51.07
2019,1,PR01,20.58,63.0
2019,1,PR02,52.1,124.82
2019,1,PR03,8.81,34.64
2019,1,PR04,7.88,29.5
2019,1,PR05,14.67,47.84
2019,1,PR06,17.69,57.78
2019,1,PR07,8.58,32.59
2019,1,PR08,14.88,49.78
2019,1,PR09,6.32,24.81
2019,1,PR10,6.82,26.68
2019,1,PR11,18.59,56.42
2019,1,PR12,8.49,31.89
2019,1,PR13,12.28,43.99
2019,1,PR14,8.18,30.04
2019,1,PR15,12.8,42.99
2019,1,PR16,13.66,44.41
2019,1,PR17,8.78,36.23
2019,1,PR18,11.16,43.79
2019,1,PR19,8.58,29.99
2019,1,PR20,9.66,32.47
2019,1,PR21,19.58,62.26
2019,1,PR22,7.55,30.43
2019,1,PR23,15.01,50.62
2019,1,PR24,12.39,50.03
2019,2,PR01,16.33,49.88
2019,2,PR02,37.11,89.03
2019,2,PR03,8.52,33.51
2019,2,PR04,7.69,28.78
2019,2,PR05,14.17,46.22
2019,2,PR06,17.33,56.6
2019,2,PR07,8.42,31.96
2019,2,PR08,14.59,48.8
2019,2,PR09,6.13,24.09
2019,2,PR10,6.73,26.31
2019,2,PR11,18.19,55.2
2019,2,PR12,8.14,30.56
2019,2,PR13,11.82,42.35
2019,2,PR14,7.97,29.27
2019,2,PR15,12.48,41.94
2019,2,PR16,13.14,42.71
2019,2,PR17,8.52,35.18
2019,2,PR18,10.89,42.75
2019,2,PR19,6.68,23.33
2019,2,PR20,9.27,31.14
2019,2,PR21,19.14,60.87
2019,2,PR22,7.39,29.77
2019,2,PR23,14.36,48.44
2019,2,PR24,12.05,48.63
2019,3,PR01,19.63,59.81
2019,3,PR02,48.73,117.04
2019,3,PR03,7.92,31.15
2019,3,PR04,7.39,27.65
2019,3,PR05,13.75,44.84
2019,3,PR06,16.42,53.64
2019,3,PR07,8.19,31.11
2019,3,PR08,14.12,47.24
2019,3,PR09,5.98,23.51
2019,3,PR10,6.56,25.66
2019,3,PR11,17.92,54.38
2019,3,PR12,7.59,28.52
2019,3,PR13,11.44,40.98
2019,3,PR14,7.67,28.16
2019,3,PR15,12.23,41.09
2019,3,PR16,12.74,41.41
2019,3,PR17,8.07,33.31
2019,3,PR18,10.65,41.81
2019,3,PR19,7.81,27.28
2019,3,PR20,8.94,30.05
2019,3,PR21,18.44,58.65
2019,3,PR22,7.15,28.82
2019,3,PR23,14.8,49.92
2019,3,PR24,11.46,46.26
2019,4,PR01,19.21,58.41
2019,4,PR02,48.12,115.69
2019,4,PR03,7.53,29.59
2019,4,PR04,7.26,27.16
2019,4,PR05,13.34,43.53
2019,4,PR06,15.96,52.13
2019,4,PR07,8.07,30.64
2019,4,PR08,13.89,46.46
2019,4,PR09,5.86,23.04
2019,4,PR10,6.46,25.25
2019,4,PR11,20.0,60.7
2019,4,PR12,7.26,27.27
2019,4,PR13,11.05,39.6
2019,4,PR14,7.48,27.47
2019,4,PR15,11.98,40.25
2019,4,PR16,12.28,39.92
2019,4,PR17,7.84,32.38
2019,4,PR18,10.37,40.72
2019,4,PR19,7.49,26.17
2019,4,PR20,8.44,28.36
2019,4,PR21,18.25,58.05
2019,4,PR22,7.03,28.34
2019,4,PR23,14.2,47.91
2019,4,PR24,11.13,44.95
2020,1,PR01,18.65,56.57
2020,1,PR02,47.36,114.02
2020,1,PR03,7.18,28.23
2020,1,PR04,7.0,26.19
2020,1,PR05,12.78,41.7
2020,1,PR06,15.32,50.03
2020,1,PR07,7.84,29.78
2020,1,PR08,13.52,45.22
2020,1,PR09,5.73,22.5
2020,1,PR10,6.25,24.43
2020,1,PR11,19.79,60.06
2020,1,PR12,6.91,25.96
2020,1,PR13,10.62,38.07
2020,1,PR14,7.23,26.54
2020,1,PR15,11.72,39.37
2020,1,PR16,11.86,38.55
2020,1,PR17,7.58,31.29
2020,1,PR18,10.08,39.59
2020,1,PR19,7.18,25.08
2020,1,PR20,8.1,27.21
2020,1,PR21,17.71,56.31
2020,1,PR22,6.9,27.79
2020,1,PR23,13.69,46.18
2020,1,PR24,10.81,43.63
2020,2,PR01,14.19,42.94
2020,2,PR02,30.89,74.44
2020,2,PR03,8.2,32.25
2020,2,PR04,6.96,26.03
2020,2,PR05,12.41,40.5
2020,2,PR06,14.83,48.44
2020,2,PR07,7.79,29.57
2020,2,PR08,13.24,44.28
2020,2,PR09,5.81,22.84
2020,2,PR10,7.22,28.24
2020,2,PR11,19.71,59.83
2020,2,PR12,7.51,28.2
2020,2,PR13,10.25,36.73
2020,2,PR14,7.01,25.73
2020,2,PR15,11.47,38.52
2020,2,PR16,11.8,38.37
2020,2,PR17,7.38,30.49
2020,2,PR18,9.89,38.82
2020,2,PR19,6.96,24.34
2020,2,PR20,7.72,25.93
2020,2,PR21,17.33,55.1
2020,2,PR22,6.84,27.57
2020,2,PR23,13.19,44.5
2020,2,PR24,10.8,43.6
2020,3,PR01,18.4,55.56
2020,3,PR02,46.58,112.41
2020,3,PR03,8.08,31.75
2020,3,PR04,6.84,25.6
2020,3,PR05,11.75,38.34
2020,3,PR06,14.59,47.64
2020,3,PR07,7.69,29.22
2020,3,PR08,13.06,43.69
2020,3,PR09,5.75,22.6
2020,3,PR10,6.0,23.46
2020,3,PR11,19.65,59.65
2020,3,PR12,7.46,28.01
2020,3,PR13,9.85,35.3
2020,3,PR14,7.03,25.83
2020,3,PR15,11.19,37.6
2020,3,PR16,11.38,36.99
2020,3,PR17,7.23,29.84
2020,3,PR18,9.56,37.54
2020,3,PR19,6.76,23.62
2020,3,PR20,7.43,24.97
2020,3,PR21,17.63,56.08
2020,3,PR22,6.77,27.28
2020,3,PR23,12.39,41.79
2020,3,PR24,10.72,43.26
2020,4,PR01,18.35,55.28
2020,4,PR02,46.28,111.79
2020,4,PR03,8.04,31.61
2020,4,PR04,6.71,25.09
2020,4,PR05,11.72,38.22
2020,4,PR06,14.17,46.28
2020,4,PR07,7.59,28.81
2020,4,PR08,12.87,43.03
2020,4,PR09,5.61,22.04
2020,4,PR10,5.9,23.07
2020,4,PR11,19.64,59.6
2020,4,PR12,7.41,27.82
2020,4,PR13,9.83,35.21
2020,4,PR14,6.77,24.85
2020,4,PR15,11.17,37.52
2020,4,PR16,11.25,36.56
2020,4,PR17,7.1,29.3
2020,4,PR18,9.54,37.44
2020,4,PR19,6.74,23.55
2020,4,PR20,7.37,24.78
2020,4,PR21,16.7,53.1
2020,4,PR22,6.75,27.21
2020,4,PR23,12.31,41.53
2020,4,PR24,10.65,42.99
2021,1,PR01,18.32,55.58
2021,1,PR02,45.39,109.28
2021,1,PR03,6.42,25.24
2021,1,PR04,6.32,23.63
2021,1,PR05,11.87,38.72
2021,1,PR06,13.98,45.65
2021,1,PR07,7.06,26.79
2021,1,PR08,12.19,40.77
2021,1,PR09,5.18,20.35
2021,1,PR10,5.59,21.87
2021,1,PR11,19.91,60.42
2021,1,PR12,6.19,23.25
2021,1,PR13,9.9,35.47
2021,1,PR14,6.53,23.98
2021,1,PR15,11.25,37.8
2021,1,PR16,11.1,36.1
2021,1,PR17,6.78,28.01
2021,1,PR18,9.61,37.74
2021,1,PR19,6.8,23.77
2021,1,PR20,7.43,24.95
2021,1,PR21,16.16,51.4
2021,1,PR22,6.38,25.69
2021,1,PR23,12.54,42.3
2021,1,PR24,9.67,39.03
2021,2,PR01,13.65,41.31
2021,2,PR02,27.67,66.68
2021,2,PR03,6.44,25.34
2021,2,PR04,6.3,23.56
2021,2,PR05,11.82,38.57
2021,2,PR06,13.31,43.49
2021,2,PR07,7.19,27.3
2021,2,PR08,12.17,40.7
2021,2,PR09,5.31,20.86
2021,2,PR10,4.77,18.67
2021,2,PR11,19.91,60.42
2021,2,PR12,5.69,21.37
2021,2,PR13,9.86,35.33
2021,2,PR14,6.45,23.67
2021,2,PR15,11.2,37.63
2021,2,PR16,11.26,36.6
2021,2,PR17,6.76,27.92
2021,2,PR18,9.59,37.64
2021,2,PR19,6.78,23.69
2021,2,PR20,7.39,24.84
2021,2,PR21,15.71,49.96
2021,2,PR22,6.02,24.26
2021,2,PR23,12.46,42.04
2021,2,PR24,8.27,33.37
2021,3,PR01,18.01,54.38
2021,3,PR02,44.45,107.27
2021,3,PR03,5.93,23.32
2021,3,PR04,6.11,22.88
2021,3,PR05,11.77,38.41
2021,3,PR06,12.85,41.97
2021,3,PR07,6.95,26.41
2021,3,PR08,11.82,39.52
2021,3,PR09,5.03,19.76
2021,3,PR10,4.55,17.8
2021,3,PR11,19.98,60.65
2021,3,PR12,5.48,20.59
2021,3,PR13,9.83,35.23
2021,3,PR14,6.24,22.92
2021,3,PR15,11.15,37.46
2021,3,PR16,11.18,36.33
2021,3,PR17,6.57,27.14
2021,3,PR18,9.56,37.54
2021,3,PR19,6.76,23.62
2021,3,PR20,7.34,24.68
2021,3,PR21,15.25,48.48
2021,3,PR22,5.85,23.59
2021,3,PR23,12.39,41.79
2021,3,PR24,7.84,31.64
2021,4,PR01,18.81,56.67
2021,4,PR02,46.77,112.99
2021,4,PR03,7.11,27.94
2021,4,PR04,7.51,28.1
2021,4,PR05,10.94,35.71
2021,4,PR06,15.46,50.49
2021,4,PR07,8.71,33.08
2021,4,PR08,14.92,49.89
2021,4,PR09,6.0,23.56
2021,4,PR10,5.72,22.35
2021,4,PR11,19.95,60.55
2021,4,PR12,6.76,25.41
2021,4,PR13,10.23,36.67
2021,4,PR14,7.78,28.58
2021,4,PR15,10.88,36.55
2021,4,PR16,11.48,37.33
2021,4,PR17,8.4,34.69
2021,4,PR18,8.49,33.34
2021,4,PR19,6.46,22.58
2021,4,PR20,7.51,25.23
2021,4,PR21,18.49,58.79
2021,4,PR22,6.78,27.34
2021,4,PR23,10.81,36.46
2021,4,PR24,9.73,39.28
2022,1,PR01,17.51,53.12
2022,1,PR02,46.59,112.15
2022,1,PR03,7.28,28.62
2022,1,PR04,7.07,26.43
2022,1,PR05,9.93,32.39
2022,1,PR06,15.44,50.43
2022,1,PR07,7.96,30.22
2022,1,PR08,13.72,45.9
2022,1,PR09,5.6,22.02
2022,1,PR10,6.34,24.79
2022,1,PR11,19.2,58.27
2022,1,PR12,7.02,26.35
2022,1,PR13,8.25,29.56
2022,1,PR14,7.27,26.68
2022,1,PR15,9.96,33.45
2022,1,PR16,9.59,31.17
2022,1,PR17,7.69,31.74
2022,1,PR18,8.06,31.65
2022,1,PR19,5.94,20.76
2022,1,PR20,6.55,22.02
2022,1,PR21,17.82,56.67
2022,1,PR22,6.92,27.9
2022,1,PR23,10.44,35.23
2022,1,PR24,10.96,44.23
2022,2,PR01,12.98,39.29
2022,2,PR02,32.84,79.15
2022,2,PR03,6.53,25.69
2022,2,PR04,5.66,21.17
2022,2,PR05,9.5,30.99
2022,2,PR06,12.93,42.23
2022,2,PR07,8.11,30.78
2022,2,PR08,11.68,39.05
2022,2,PR09,5.8,22.8
2022,2,PR10,4.87,19.03
2022,2,PR11,19.02,57.74
2022,2,PR12,6.69,25.15
2022,2,PR13,6.93,24.83
2022,2,PR14,6.08,22.31
2022,2,PR15,10.68,35.88
2022,2,PR16,8.78,28.55
2022,2,PR17,6.32,26.08
2022,2,PR18,7.76,30.47
2022,2,PR19,5.0,17.46
2022,2,PR20,6.34,21.31
2022,2,PR21,14.45,45.96
2022,2,PR22,6.43,25.9
2022,2,PR23,11.05,37.26
2022,2,PR24,9.97,40.25
2022,3,PR01,17.74,53.56
2022,3,PR02,50.97,123.0
2022,3,PR03,6.16,24.23
2022,3,PR04,5.43,20.33
2022,3,PR05,9.46,30.85
2022,3,PR06,12.93,42.22
2022,3,PR07,8.02,30.44
2022,3,PR08,11.33,37.88
2022,3,PR09,5.82,22.86
2022,3,PR10,4.66,18.23
2022,3,PR11,18.45,55.99
2022,3,PR12,6.45,24.24
2022,3,PR13,6.94,24.89
2022,3,PR14,6.06,22.26
2022,3,PR15,10.98,36.89
2022,3,PR16,8.69,28.26
2022,3,PR17,6.15,25.39
2022,3,PR18,7.74,30.39
2022,3,PR19,4.98,17.41
2022,3,PR20,6.21,20.87
2022,3,PR21,14.06,44.7
2022,3,PR22,6.39,25.75
2022,3,PR23,10.98,37.04
2022,3,PR24,9.64,38.94
2022,4,PR01,17.76,53.5
2022,4,PR02,50.8,122.73
2022,4,PR03,6.02,23.65
2022,4,PR04,5.35,20.01
2022,4,PR05,8.7,28.4
2022,4,PR06,13.11,42.82
2022,4,PR07,7.91,30.06
2022,4,PR08,11.51,38.5
2022,4,PR09,5.79,22.77
2022,4,PR10,4.6,18.01
2022,4,PR11,18.45,55.99
2022,4,PR12,6.47,24.29
2022,4,PR13,8.15,29.21
2022,4,PR14,6.03,22.12
2022,4,PR15,10.29,34.57
2022,4,PR16,8.96,29.14
2022,4,PR17,6.03,24.91
2022,4,PR18,6.73,26.42
2022,4,PR19,5.42,18.95
2022,4,PR20,6.22,20.91
2022,4,PR21,13.83,43.97
2022,4,PR22,6.61,26.62
2022,4,PR23,8.47,28.56
2022,4,PR24,9.56,38.6
2023,1,PR01,16.8,50.96
2023,1,PR02,47.2,113.63
2023,1,PR03,6.79,26.7
2023,1,PR04,6.66,24.9
2023,1,PR05,9.33,30.43
2023,1,PR06,15.27,49.87
2023,1,PR07,7.45,28.29
2023,1,PR08,12.86,43.01
2023,1,PR09,5.45,21.41
2023,1,PR10,5.92,23.14
2023,1,PR11,19.0,57.66
2023,1,PR12,6.54,24.58
2023,1,PR13,8.68,31.1
2023,1,PR14,6.8,24.96
2023,1,PR15,9.45,31.76
2023,1,PR16,9.07,29.48
2023,1,PR17,7.17,29.61
2023,1,PR18,7.69,30.18
2023,1,PR19,5.73,20.01
2023,1,PR20,6.15,20.66
2023,1,PR21,16.98,54.0
2023,1,PR22,6.61,26.64
2023,1,PR23,9.77,32.95
2023,1,PR24,10.23,41.29
2023,2,PR01,13.35,40.4
2023,2,PR02,36.06,86.91
2023,2,PR03,5.08,19.98
2023,2,PR04,4.83,18.07
2023,2,PR05,9.76,31.84
2023,2,PR06,12.53,40.93
2023,2,PR07,7.47,28.37
2023,2,PR08,10.82,36.18
2023,2,PR09,5.54,21.77
2023,2,PR10,3.94,15.4
2023,2,PR11,18.82,57.11
2023,2,PR12,5.96,22.38
2023,2,PR13,8.47,30.36
2023,2,PR14,5.77,21.19
2023,2,PR15,11.21,37.67
2023,2,PR16,8.72,28.35
2023,2,PR17,5.44,22.47
2023,2,PR18,8.15,32.01
2023,2,PR19,5.18,18.09
2023,2,PR20,6.38,21.44
2023,2,PR21,13.58,43.18
2023,2,PR22,6.28,25.3
2023,2,PR23,11.47,38.68
2023,2,PR24,8.96,36.19
2023,3,PR01,18.17,54.85
2023,3,PR02,54.62,131.8
2023,3,PR03,5.07,19.92
2023,3,PR04,4.69,17.56
2023,3,PR05,9.72,31.71
2023,3,PR06,12.44,40.63
2023,3,PR07,7.32,27.79
2023,3,PR08,10.73,35.87
2023,3,PR09,5.65,22.21
2023,3,PR10,3.74,14.61
2023,3,PR11,18.78,56.99
2023,3,PR12,5.93,22.26
2023,3,PR13,8.53,30.58
2023,3,PR14,5.58,20.48
2023,3,PR15,11.23,37.71
2023,3,PR16,8.88,28.87
2023,3,PR17,5.44,22.45
2023,3,PR18,8.13,31.93
2023,3,PR19,5.16,18.04
2023,3,PR20,6.34,21.31
2023,3,PR21,13.14,41.78
2023,3,PR22,6.16,24.83
2023,3,PR23,11.4,38.44
2023,3,PR24,8.88,35.83
2023,4,PR01,17.87,53.84
2023,4,PR02,53.68,129.69
2023,4,PR03,4.88,19.2
2023,4,PR04,4.46,16.7
2023,4,PR05,8.69,28.34
2023,4,PR06,12.75,41.64
2023,4,PR07,7.1,26.97
2023,4,PR08,10.45,34.96
2023,4,PR09,5.89,23.16
2023,4,PR10,3.59,14.03
2023,4,PR11,18.78,57.0
2023,4,PR12,5.82,21.85
2023,4,PR13,9.44,33.83
2023,4,PR14,5.38,19.75
2023,4,PR15,10.13,34.03
2023,4,PR16,9.25,30.08
2023,4,PR17,5.23,21.59
2023,4,PR18,6.82,26.76
2023,4,PR19,5.46,19.09
2023,4,PR20,6.04,20.29
2023,4,PR21,12.74,40.51
2023,4,PR22,6.02,24.25
2023,4,PR23,8.42,28.4
2023,4,PR24,8.62,34.81
2024,1,PR01,16.1,51.65
2024,1,PR02,46.05,110.83
2024,1,PR03,6.29,25.79
2024,1,PR04,6.16,24.17
2024,1,PR05,8.78,31.02
2024,1,PR06,14.15,48.55
2024,1,PR07,6.92,27.38
2024,1,PR08,11.92,41.68
2024,1,PR09,4.96,20.27
2024,1,PR10,5.43,22.4
2024,1,PR11,17.97,56.8
2024,1,PR12,5.96,23.86
2024,1,PR13,8.35,31.42
2024,1,PR14,6.41,24.83
2024,1,PR15,8.84,31.6
2024,1,PR16,8.89,30.76
2024,1,PR17,6.55,28.72
2024,1,PR18,7.38,30.5
2024,1,PR19,5.46,20.27
2024,1,PR20,5.44,20.61
2024,1,PR21,16.46,54.34
2024,1,PR22,6.18,26.16
2024,1,PR23,8.88,33.78
2024,1,PR24,9.36,40.02
2024,2,PR01,11.39,36.44
2024,2,PR02,27.59,66.46
2024,2,PR03,6.12,25.09
2024,2,PR04,6.01,23.55
2024,2,PR05,8.71,30.78
2024,2,PR06,13.82,47.42
2024,2,PR07,6.74,26.67
2024,2,PR08,11.62,40.62
2024,2,PR09,4.82,19.68
2024,2,PR10,5.29,21.78
2024,2,PR11,17.52,55.37
2024,2,PR12,5.79,23.18
2024,2,PR13,8.33,31.34
2024,2,PR14,6.25,24.2
2024,2,PR15,8.73,31.17
2024,2,PR16,8.85,30.59
2024,2,PR17,6.37,27.91
2024,2,PR18,7.36,30.42
2024,2,PR19,5.44,20.2
2024,2,PR20,5.41,20.48
2024,2,PR21,16.11,53.17
2024,2,PR22,6.06,25.68
2024,2,PR23,8.83,33.57
2024,2,PR24,9.1,38.9
2024,3,PR01,15.3,48.84
2024,3,PR02,43.19,104.17
2024,3,PR03,5.99,24.55
2024,3,PR04,5.89,23.08
2024,3,PR05,8.68,30.65
2024,3,PR06,13.59,46.6
2024,3,PR07,6.61,26.12
2024,3,PR08,11.39,39.8
2024,3,PR09,4.72,19.25
2024,3,PR10,5.17,21.31
2024,3,PR11,17.17,54.24
2024,3,PR12,5.66,22.66
2024,3,PR13,8.31,31.26
2024,3,PR14,6.13,23.72
2024,3,PR15,8.7,31.06
2024,3,PR16,8.81,30.43
2024,3,PR17,6.23,27.29
2024,3,PR18,7.34,30.34
2024,3,PR19,5.43,20.14
2024,3,PR20,5.38,20.35
2024,3,PR21,15.84,52.28
2024,3,PR22,5.98,25.29
2024,3,PR23,8.78,33.36
2024,3,PR24,8.9,38.04
2024,4,PR01,15.73,50.1
2024,4,PR02,49.73,120.06
2024,4,PR03,3.88,15.88
2024,4,PR04,3.47,13.59
2024,4,PR05,7.59,26.78
2024,4,PR06,11.3,38.76
2024,4,PR07,5.91,23.36
2024,4,PR08,8.98,31.38
2024,4,PR09,5.5,22.43
2024,4,PR10,2.62,10.78
2024,4,PR11,16.53,52.23
2024,4,PR12,4.93,19.71
2024,4,PR13,8.81,33.14
2024,4,PR14,4.23,16.34
2024,4,PR15,8.91,31.8
2024,4,PR16,8.65,29.87
2024,4,PR17,4.33,18.95
2024,4,PR18,6.11,25.24
2024,4,PR19,4.95,18.38
2024,4,PR20,5.08,19.23
2024,4,PR21,10.88,35.9
2024,4,PR22,5.08,21.5
2024,4,PR23,7.11,27.0
2024,4,PR24,7.25,30.97
2025,1,PR01,15.65,50.22
2025,1,PR02,50.68,121.97
2025,1,PR03,3.88,15.89
2025,1,PR04,3.51,13.75
2025,1,PR05,8.16,28.83
2025,1,PR06,11.47,39.36
2025,1,PR07,5.9,23.36
2025,1,PR08,8.81,30.8
2025,1,PR09,5.58,22.78
2025,1,PR10,2.55,10.5
2025,1,PR11,16.35,51.69
2025,1,PR12,5.11,20.45
2025,1,PR13,8.63,32.47
2025,1,PR14,4.14,16.02
2025,1,PR15,8.99,32.14
2025,1,PR16,8.71,30.12
2025,1,PR17,4.22,18.52
2025,1,PR18,6.88,28.44
2025,1,PR19,5.18,19.25
2025,1,PR20,5.03,19.06
2025,1,PR21,10.93,36.07
2025,1,PR22,5.1,21.62
2025,1,PR23,8.24,31.34
2025,1,PR24,7.2,30.8
